CarringtonRotation,FolderName,NumSubfolders,Rotation,Year,Month,Period,Split
1625,cr1625,1,1625,1975,2,1,val
1626,cr1626,1,1626,1975,3,2,test
1627,cr1627,1,1627,1975,4,2,test
1628,cr1628,1,1628,1975,5,3,train
1629,cr1629,1,1629,1975,6,3,train
1630,cr1630,1,1630,1975,7,4,train
1633,cr1633,1,1633,1975,9,5,train
1634,cr1634,1,1634,1975,10,5,train
1636,cr1636,1,1636,1975,12,6,train
1638,cr1638,1,1638,1976,2,1,val
1642,cr1642,1,1642,1976,5,3,train
1643,cr1643,1,1643,1976,6,3,train
1644,cr1644,1,1644,1976,7,4,train
1645,cr1645,1,1645,1976,8,4,train
1646,cr1646,1,1646,1976,9,5,train
1647,cr1647,1,1647,1976,10,5,train
1648,cr1648,1,1648,1976,11,6,train
1649,cr1649,1,1649,1976,12,6,train
1650,cr1650,1,1650,1976,12,6,train
1651,cr1651,1,1651,1977,1,1,val
1652,cr1652,1,1652,1977,2,1,val
1653,cr1653,1,1653,1977,3,2,test
1654,cr1654,1,1654,1977,4,2,test
1655,cr1655,1,1655,1977,5,3,train
1656,cr1656,1,1656,1977,6,3,train
1657,cr1657,1,1657,1977,7,4,train
1658,cr1658,1,1658,1977,8,4,train
1659,cr1659,1,1659,1977,9,5,train
1660,cr1660,1,1660,1977,9,5,train
1662,cr1662,1,1662,1977,11,6,train
1664,cr1664,1,1664,1978,1,1,val
1666,cr1666,1,1666,1978,3,2,test
1667,cr1667,1,1667,1978,4,2,test
1668,cr1668,1,1668,1978,5,3,train
1669,cr1669,1,1669,1978,6,3,train
1670,cr1670,1,1670,1978,6,3,train
1671,cr1671,1,1671,1978,7,4,train
1672,cr1672,1,1672,1978,8,4,train
1673,cr1673,1,1673,1978,9,5,train
1674,cr1674,1,1674,1978,10,5,train
1675,cr1675,1,1675,1978,11,6,train
1676,cr1676,1,1676,1978,12,6,train
1677,cr1677,1,1677,1979,1,1,val
1679,cr1679,1,1679,1979,3,2,test
1680,cr1680,1,1680,1979,3,2,test
1681,cr1681,1,1681,1979,4,2,test
1682,cr1682,1,1682,1979,5,3,train
1683,cr1683,1,1683,1979,6,3,train
1684,cr1684,1,1684,1979,7,4,train
1685,cr1685,1,1685,1979,8,4,train
1686,cr1686,1,1686,1979,9,5,train
1687,cr1687,1,1687,1979,10,5,train
1688,cr1688,1,1688,1979,11,6,train
1689,cr1689,1,1689,1979,11,6,train
1690,cr1690,1,1690,1979,12,6,train
1691,cr1691,1,1691,1980,1,1,val
1692,cr1692,1,1692,1980,2,1,val
1694,cr1694,1,1694,1980,4,2,test
1695,cr1695,1,1695,1980,5,3,train
1696,cr1696,1,1696,1980,6,3,train
1697,cr1697,1,1697,1980,7,4,train
1698,cr1698,1,1698,1980,8,4,train
1699,cr1699,1,1699,1980,8,4,train
1700,cr1700,1,1700,1980,9,5,train
1701,cr1701,1,1701,1980,10,5,train
1702,cr1702,1,1702,1980,11,6,train
1703,cr1703,1,1703,1980,12,6,train
1704,cr1704,1,1704,1981,1,1,val
1706,cr1706,1,1706,1981,3,2,test
1707,cr1707,1,1707,1981,4,2,test
1708,cr1708,1,1708,1981,5,3,train
1709,cr1709,1,1709,1981,5,3,train
1710,cr1710,1,1710,1981,6,3,train
1711,cr1711,1,1711,1981,7,4,train
1712,cr1712,1,1712,1981,8,4,train
1713,cr1713,1,1713,1981,9,5,train
1714,cr1714,1,1714,1981,10,5,train
1715,cr1715,1,1715,1981,11,6,train
1716,cr1716,1,1716,1981,12,6,train
1717,cr1717,1,1717,1982,1,1,val
1718,cr1718,1,1718,1982,1,1,val
1719,cr1719,1,1719,1982,2,1,val
1720,cr1720,1,1720,1982,3,2,test
1721,cr1721,1,1721,1982,4,2,test
1722,cr1722,1,1722,1982,5,3,train
1723,cr1723,1,1723,1982,6,3,train
1724,cr1724,1,1724,1982,7,4,train
1725,cr1725,1,1725,1982,8,4,train
1726,cr1726,1,1726,1982,9,5,train
1727,cr1727,1,1727,1982,10,5,train
1728,cr1728,1,1728,1982,10,5,train
1729,cr1729,1,1729,1982,11,6,train
1730,cr1730,1,1730,1982,12,6,train
1731,cr1731,1,1731,1983,1,1,val
1732,cr1732,1,1732,1983,2,1,val
1733,cr1733,1,1733,1983,3,2,test
1734,cr1734,1,1734,1983,4,2,test
1735,cr1735,1,1735,1983,5,3,train
1736,cr1736,1,1736,1983,6,3,train
1737,cr1737,1,1737,1983,7,4,train
1738,cr1738,1,1738,1983,7,4,train
1739,cr1739,1,1739,1983,8,4,train
1740,cr1740,1,1740,1983,9,5,train
1741,cr1741,1,1741,1983,10,5,train
1742,cr1742,1,1742,1983,11,6,train
1743,cr1743,1,1743,1983,12,6,train
1744,cr1744,1,1744,1984,1,1,val
1745,cr1745,1,1745,1984,2,1,val
1746,cr1746,1,1746,1984,3,2,test
1747,cr1747,1,1747,1984,3,2,test
1748,cr1748,1,1748,1984,4,2,test
1749,cr1749,1,1749,1984,5,3,train
1750,cr1750,1,1750,1984,6,3,train
1751,cr1751,1,1751,1984,7,4,train
1752,cr1752,1,1752,1984,8,4,train
1753,cr1753,1,1753,1984,9,5,train
1754,cr1754,1,1754,1984,10,5,train
1755,cr1755,1,1755,1984,11,6,train
1756,cr1756,1,1756,1984,11,6,train
1757,cr1757,1,1757,1984,12,6,train
1758,cr1758,1,1758,1985,1,1,val
1759,cr1759,1,1759,1985,2,1,val
1760,cr1760,1,1760,1985,3,2,test
1761,cr1761,1,1761,1985,4,2,test
1762,cr1762,1,1762,1985,5,3,train
1763,cr1763,1,1763,1985,6,3,train
1764,cr1764,1,1764,1985,7,4,train
1765,cr1765,1,1765,1985,8,4,train
1766,cr1766,1,1766,1985,8,4,train
1767,cr1767,1,1767,1985,9,5,train
1768,cr1768,1,1768,1985,10,5,train
1769,cr1769,1,1769,1985,11,6,train
1770,cr1770,1,1770,1985,12,6,train
1771,cr1771,1,1771,1986,1,1,val
1772,cr1772,1,1772,1986,2,1,val
1773,cr1773,1,1773,1986,3,2,test
1774,cr1774,1,1774,1986,4,2,test
1775,cr1775,1,1775,1986,5,3,train
1776,cr1776,1,1776,1986,5,3,train
1777,cr1777,1,1777,1986,6,3,train
1778,cr1778,1,1778,1986,7,4,train
1779,cr1779,1,1779,1986,8,4,train
1780,cr1780,1,1780,1986,9,5,train
1781,cr1781,1,1781,1986,10,5,train
1782,cr1782,1,1782,1986,11,6,train
1783,cr1783,1,1783,1986,12,6,train
1784,cr1784,1,1784,1987,1,1,val
1785,cr1785,1,1785,1987,1,1,val
1786,cr1786,1,1786,1987,2,1,val
1787,cr1787,1,1787,1987,3,2,test
1788,cr1788,1,1788,1987,4,2,test
1789,cr1789,1,1789,1987,5,3,train
1790,cr1790,1,1790,1987,6,3,train
1791,cr1791,1,1791,1987,7,4,train
1792,cr1792,1,1792,1987,8,4,train
1793,cr1793,1,1793,1987,9,5,train
1794,cr1794,1,1794,1987,10,5,train
1795,cr1795,1,1795,1987,10,5,train
1796,cr1796,1,1796,1987,11,6,train
1797,cr1797,1,1797,1987,12,6,train
1798,cr1798,1,1798,1988,1,1,val
1799,cr1799,1,1799,1988,2,1,val
1800,cr1800,1,1800,1988,3,2,test
1801,cr1801,1,1801,1988,4,2,test
1802,cr1802,1,1802,1988,5,3,train
1803,cr1803,1,1803,1988,6,3,train
1804,cr1804,1,1804,1988,7,4,train
1805,cr1805,1,1805,1988,7,4,train
1806,cr1806,1,1806,1988,8,4,train
1807,cr1807,1,1807,1988,9,5,train
1808,cr1808,1,1808,1988,10,5,train
1809,cr1809,1,1809,1988,11,6,train
1810,cr1810,1,1810,1988,12,6,train
1811,cr1811,1,1811,1989,1,1,val
1812,cr1812,1,1812,1989,2,1,val
1813,cr1813,1,1813,1989,3,2,test
1814,cr1814,1,1814,1989,4,2,test
1815,cr1815,1,1815,1989,4,2,test
1816,cr1816,1,1816,1989,5,3,train
1817,cr1817,1,1817,1989,6,3,train
1818,cr1818,1,1818,1989,7,4,train
1819,cr1819,1,1819,1989,8,4,train
1820,cr1820,1,1820,1989,9,5,train
1821,cr1821,1,1821,1989,10,5,train
1822,cr1822,1,1822,1989,11,6,train
1823,cr1823,1,1823,1989,12,6,train
1824,cr1824,1,1824,1989,12,6,train
1825,cr1825,1,1825,1990,1,1,val
1826,cr1826,1,1826,1990,2,1,val
1827,cr1827,1,1827,1990,3,2,test
1828,cr1828,1,1828,1990,4,2,test
1829,cr1829,1,1829,1990,5,3,train
1830,cr1830,1,1830,1990,6,3,train
1831,cr1831,1,1831,1990,7,4,train
1832,cr1832,1,1832,1990,8,4,train
1833,cr1833,1,1833,1990,9,5,train
1834,cr1834,1,1834,1990,9,5,train
1835,cr1835,1,1835,1990,10,5,train
1836,cr1836,1,1836,1990,11,6,train
1839,cr1839,1,1839,1991,2,1,val
1841,cr1841,1,1841,1991,4,2,test
1842,cr1842,1,1842,1991,5,3,train
1843,cr1843,1,1843,1991,6,3,train
1844,cr1844,1,1844,1991,6,3,train
1845,cr1845,1,1845,1991,7,4,train
1846,cr1846,1,1846,1991,8,4,train
1847,cr1847,1,1847,1991,9,5,train
1848,cr1848,1,1848,1991,10,5,train
1849,cr1849,1,1849,1991,11,6,train
1850,cr1850,1,1850,1991,12,6,train
1851,cr1851,1,1851,1992,1,1,val
1852,cr1852,1,1852,1992,2,1,val
1853,cr1853,1,1853,1992,2,1,val
1855,cr1855,1,1855,1992,4,2,test
1856,cr1856,1,1856,1992,5,3,train
1857,cr1857,1,1857,1992,6,3,train
1858,cr1858,1,1858,1992,7,4,train
1859,cr1859,1,1859,1992,8,4,train
1861,cr1861,1,1861,1992,10,5,train
1862,cr1862,1,1862,1992,10,5,train
1863,cr1863,1,1863,1992,11,6,train
1864,cr1864,1,1864,1992,12,6,train
1865,cr1865,1,1865,1993,1,1,val
1866,cr1866,1,1866,1993,2,1,val
1867,cr1867,1,1867,1993,3,2,test
1868,cr1868,1,1868,1993,4,2,test
1869,cr1869,1,1869,1993,5,3,train
1870,cr1870,1,1870,1993,6,3,train
1871,cr1871,1,1871,1993,7,4,train
1872,cr1872,1,1872,1993,7,4,train
1873,cr1873,1,1873,1993,8,4,train
1874,cr1874,1,1874,1993,9,5,train
1875,cr1875,1,1875,1993,10,5,train
1876,cr1876,1,1876,1993,11,6,train
1877,cr1877,1,1877,1993,12,6,train
1878,cr1878,1,1878,1994,1,1,val
1879,cr1879,1,1879,1994,2,1,val
1880,cr1880,1,1880,1994,3,2,test
1881,cr1881,1,1881,1994,4,2,test
1882,cr1882,1,1882,1994,4,2,test
1883,cr1883,1,1883,1994,5,3,train
1884,cr1884,2,1884,1994,6,3,train
1885,cr1885,2,1885,1994,7,4,train
1886,cr1886,2,1886,1994,8,4,train
1887,cr1887,1,1887,1994,9,5,train
1888,cr1888,1,1888,1994,10,5,train
1889,cr1889,1,1889,1994,11,6,train
1890,cr1890,1,1890,1994,12,6,train
1891,cr1891,1,1891,1994,12,6,train
1892,cr1892,1,1892,1995,1,1,val
1893,cr1893,1,1893,1995,2,1,val
1894,cr1894,1,1894,1995,3,2,test
1895,cr1895,1,1895,1995,4,2,test
1896,cr1896,1,1896,1995,5,3,train
1897,cr1897,1,1897,1995,6,3,train
1898,cr1898,2,1898,1995,7,4,train
1899,cr1899,3,1899,1995,8,4,train
1900,cr1900,2,1900,1995,9,5,train
1901,cr1901,1,1901,1995,9,5,train
1902,cr1902,1,1902,1995,10,5,train
1903,cr1903,1,1903,1995,11,6,train
1904,cr1904,1,1904,1995,12,6,train
1905,cr1905,1,1905,1996,1,1,val
1906,cr1906,1,1906,1996,2,1,val
1907,cr1907,1,1907,1996,3,2,test
1908,cr1908,1,1908,1996,4,2,test
1909,cr1909,1,1909,1996,5,3,train
1910,cr1910,1,1910,1996,6,3,train
1911,cr1911,3,1911,1996,6,3,train
1912,cr1912,1,1912,1996,7,4,train
1913,cr1913,1,1913,1996,8,4,train
1914,cr1914,1,1914,1996,9,5,train
1915,cr1915,1,1915,1996,10,5,train
1916,cr1916,1,1916,1996,11,6,train
1917,cr1917,1,1917,1996,12,6,train
1918,cr1918,1,1918,1997,1,1,val
1919,cr1919,1,1919,1997,2,1,val
1920,cr1920,3,1920,1997,3,2,test
1921,cr1921,1,1921,1997,3,2,test
1922,cr1922,1,1922,1997,4,2,test
1923,cr1923,1,1923,1997,5,3,train
1924,cr1924,1,1924,1997,6,3,train
1925,cr1925,1,1925,1997,7,4,train
1926,cr1926,1,1926,1997,8,4,train
1927,cr1927,1,1927,1997,9,5,train
1928,cr1928,1,1928,1997,10,5,train
1929,cr1929,3,1929,1997,11,6,train
1930,cr1930,1,1930,1997,11,6,train
1931,cr1931,1,1931,1997,12,6,train
1932,cr1932,1,1932,1998,1,1,val
1933,cr1933,1,1933,1998,2,1,val
1934,cr1934,1,1934,1998,3,2,test
1935,cr1935,1,1935,1998,4,2,test
1936,cr1936,3,1936,1998,5,3,train
1937,cr1937,1,1937,1998,6,3,train
1938,cr1938,1,1938,1998,7,4,train
1939,cr1939,1,1939,1998,8,4,train
1940,cr1940,1,1940,1998,8,4,train
1941,cr1941,1,1941,1998,9,5,train
1942,cr1942,1,1942,1998,10,5,train
1943,cr1943,1,1943,1998,11,6,train
1944,cr1944,1,1944,1998,12,6,train
1945,cr1945,1,1945,1999,1,1,val
1946,cr1946,1,1946,1999,2,1,val
1947,cr1947,3,1947,1999,3,2,test
1948,cr1948,1,1948,1999,4,2,test
1949,cr1949,1,1949,1999,5,3,train
1950,cr1950,1,1950,1999,5,3,train
1951,cr1951,1,1951,1999,6,3,train
1952,cr1952,1,1952,1999,7,4,train
1953,cr1953,1,1953,1999,8,4,train
1954,cr1954,1,1954,1999,9,5,train
1955,cr1955,1,1955,1999,10,5,train
1956,cr1956,1,1956,1999,11,6,train
1957,cr1957,1,1957,1999,12,6,train
1958,cr1958,1,1958,2000,1,1,val
1959,cr1959,1,1959,2000,1,1,val
1960,cr1960,1,1960,2000,2,1,val
1961,cr1961,1,1961,2000,3,2,test
1962,cr1962,1,1962,2000,4,2,test
1963,cr1963,1,1963,2000,5,3,train
1964,cr1964,1,1964,2000,6,3,train
1965,cr1965,1,1965,2000,7,4,train
1966,cr1966,1,1966,2000,8,4,train
1967,cr1967,1,1967,2000,9,5,train
1968,cr1968,1,1968,2000,9,5,train
1969,cr1969,1,1969,2000,10,5,train
1970,cr1970,1,1970,2000,11,6,train
1971,cr1971,1,1971,2000,12,6,train
1972,cr1972,1,1972,2001,1,1,val
1973,cr1973,1,1973,2001,2,1,val
1974,cr1974,1,1974,2001,3,2,test
1975,cr1975,1,1975,2001,4,2,test
1976,cr1976,1,1976,2001,5,3,train
1977,cr1977,1,1977,2001,6,3,train
1978,cr1978,1,1978,2001,6,3,train
1979,cr1979,1,1979,2001,7,4,train
1980,cr1980,1,1980,2001,8,4,train
1981,cr1981,1,1981,2001,9,5,train
1982,cr1982,1,1982,2001,10,5,train
1983,cr1983,1,1983,2001,11,6,train
1984,cr1984,1,1984,2001,12,6,train
1985,cr1985,1,1985,2002,1,1,val
1986,cr1986,1,1986,2002,2,1,val
1987,cr1987,1,1987,2002,3,2,test
1988,cr1988,1,1988,2002,3,2,test
1989,cr1989,1,1989,2002,4,2,test
1990,cr1990,1,1990,2002,5,3,train
1991,cr1991,1,1991,2002,6,3,train
1992,cr1992,1,1992,2002,7,4,train
1993,cr1993,1,1993,2002,8,4,train
1994,cr1994,1,1994,2002,9,5,train
1995,cr1995,1,1995,2002,10,5,train
1996,cr1996,1,1996,2002,11,6,train
1997,cr1997,1,1997,2002,11,6,train
1998,cr1998,1,1998,2002,12,6,train
1999,cr1999,1,1999,2003,1,1,val
2000,cr2000,2,2000,2003,2,1,val
2001,cr2001,2,2001,2003,3,2,test
2002,cr2002,2,2002,2003,4,2,test
2003,cr2003,2,2003,2003,5,3,train
2004,cr2004,2,2004,2003,6,3,train
2005,cr2005,2,2005,2003,7,4,train
2006,cr2006,2,2006,2003,8,4,train
2007,cr2007,2,2007,2003,8,4,train
2008,cr2008,2,2008,2003,9,5,train
2009,cr2009,2,2009,2003,10,5,train
2010,cr2010,2,2010,2003,11,6,train
2011,cr2011,2,2011,2003,12,6,train
2012,cr2012,2,2012,2004,1,1,val
2013,cr2013,2,2013,2004,2,1,val
2014,cr2014,2,2014,2004,3,2,test
2015,cr2015,2,2015,2004,4,2,test
2016,cr2016,2,2016,2004,5,3,train
2017,cr2017,1,2017,2004,5,3,train
2018,cr2018,2,2018,2004,6,3,train
2019,cr2019,2,2019,2004,7,4,train
2020,cr2020,2,2020,2004,8,4,train
2021,cr2021,2,2021,2004,9,5,train
2022,cr2022,2,2022,2004,10,5,train
2023,cr2023,2,2023,2004,11,6,train
2024,cr2024,2,2024,2004,12,6,train
2025,cr2025,2,2025,2005,1,1,val
2026,cr2026,2,2026,2005,1,1,val
2027,cr2027,2,2027,2005,2,1,val
2028,cr2028,2,2028,2005,3,2,test
2029,cr2029,2,2029,2005,4,2,test
2030,cr2030,2,2030,2005,5,3,train
2031,cr2031,2,2031,2005,6,3,train
2032,cr2032,2,2032,2005,7,4,train
2033,cr2033,2,2033,2005,8,4,train
2034,cr2034,2,2034,2005,9,5,train
2035,cr2035,2,2035,2005,10,5,train
2036,cr2036,2,2036,2005,10,5,train
2037,cr2037,2,2037,2005,11,6,train
2038,cr2038,2,2038,2005,12,6,train
2039,cr2039,2,2039,2006,1,1,val
2040,cr2040,2,2040,2006,2,1,val
2041,cr2041,2,2041,2006,3,2,test
2042,cr2042,2,2042,2006,4,2,test
2043,cr2043,2,2043,2006,5,3,train
2044,cr2044,2,2044,2006,6,3,train
2045,cr2045,2,2045,2006,7,4,train
2046,cr2046,2,2046,2006,7,4,train
2047,cr2047,2,2047,2006,8,4,train
2048,cr2048,2,2048,2006,9,5,train
2049,cr2049,2,2049,2006,10,5,train
2050,cr2050,3,2050,2006,11,6,train
2051,cr2051,5,2051,2006,12,6,train
2052,cr2052,3,2052,2007,1,1,val
2053,cr2053,2,2053,2007,2,1,val
2054,cr2054,2,2054,2007,3,2,test
2055,cr2055,2,2055,2007,3,2,test
2056,cr2056,2,2056,2007,4,2,test
2057,cr2057,2,2057,2007,5,3,train
2058,cr2058,5,2058,2007,6,3,train
2059,cr2059,5,2059,2007,7,4,train
2060,cr2060,7,2060,2007,8,4,train
2061,cr2061,6,2061,2007,9,5,train
2062,cr2062,6,2062,2007,10,5,train
2063,cr2063,2,2063,2007,11,6,train
2064,cr2064,2,2064,2007,12,6,train
2065,cr2065,3,2065,2007,12,6,train
2066,cr2066,3,2066,2008,1,1,val
2067,cr2067,3,2067,2008,2,1,val
2068,cr2068,4,2068,2008,3,2,test
2069,cr2069,2,2069,2008,4,2,test
2070,cr2070,2,2070,2008,5,3,train
2071,cr2071,2,2071,2008,6,3,train
2072,cr2072,2,2072,2008,7,4,train
2073,cr2073,2,2073,2008,8,4,train
2074,cr2074,2,2074,2008,8,4,train
2075,cr2075,2,2075,2008,9,5,train
2076,cr2076,2,2076,2008,10,5,train
2077,cr2077,4,2077,2008,11,6,train
2078,cr2078,2,2078,2008,12,6,train
2079,cr2079,2,2079,2009,1,1,val
2080,cr2080,2,2080,2009,2,1,val
2081,cr2081,2,2081,2009,3,2,test
2082,cr2082,2,2082,2009,4,2,test
2083,cr2083,2,2083,2009,5,3,train
2084,cr2084,2,2084,2009,5,3,train
2085,cr2085,4,2085,2009,6,3,train
2086,cr2086,2,2086,2009,7,4,train
2087,cr2087,4,2087,2009,8,4,train
2088,cr2088,2,2088,2009,9,5,train
2089,cr2089,2,2089,2009,10,5,train
2090,cr2090,2,2090,2009,11,6,train
2091,cr2091,2,2091,2009,12,6,train
2092,cr2092,2,2092,2010,1,1,val
2093,cr2093,2,2093,2010,1,1,val
2094,cr2094,2,2094,2010,2,1,val
2095,cr2095,2,2095,2010,3,2,test
2096,cr2096,2,2096,2010,4,2,test
2097,cr2097,5,2097,2010,5,3,train
2098,cr2098,9,2098,2010,6,3,train
2099,cr2099,4,2099,2010,7,4,train
2100,cr2100,4,2100,2010,8,4,train
2101,cr2101,4,2101,2010,9,5,train
2102,cr2102,4,2102,2010,10,5,train
2103,cr2103,3,2103,2010,10,5,train
2104,cr2104,3,2104,2010,11,6,train
2105,cr2105,4,2105,2010,12,6,train
2106,cr2106,4,2106,2011,1,1,val
2107,cr2107,4,2107,2011,2,1,val
2108,cr2108,5,2108,2011,3,2,test
2109,cr2109,4,2109,2011,4,2,test
2110,cr2110,3,2110,2011,5,3,train
2111,cr2111,4,2111,2011,6,3,train
2112,cr2112,4,2112,2011,7,4,train
2113,cr2113,4,2113,2011,7,4,train
2114,cr2114,5,2114,2011,8,4,train
2115,cr2115,3,2115,2011,9,5,train
2116,cr2116,3,2116,2011,10,5,train
2117,cr2117,6,2117,2011,11,6,train
2118,cr2118,4,2118,2011,12,6,train
2119,cr2119,4,2119,2012,1,1,val
2120,cr2120,4,2120,2012,2,1,val
2121,cr2121,5,2121,2012,3,2,test
2122,cr2122,5,2122,2012,3,2,test
2123,cr2123,4,2123,2012,4,2,test
2124,cr2124,5,2124,2012,5,3,train
2125,cr2125,4,2125,2012,6,3,train
2126,cr2126,4,2126,2012,7,4,train
2127,cr2127,4,2127,2012,8,4,train
2128,cr2128,3,2128,2012,9,5,train
2129,cr2129,5,2129,2012,10,5,train
2130,cr2130,4,2130,2012,11,6,train
2131,cr2131,5,2131,2012,12,6,train
2132,cr2132,3,2132,2012,12,6,train
2133,cr2133,3,2133,2013,1,1,val
2134,cr2134,3,2134,2013,2,1,val
2135,cr2135,3,2135,2013,3,2,test
2136,cr2136,3,2136,2013,4,2,test
2137,cr2137,3,2137,2013,5,3,train
2138,cr2138,3,2138,2013,6,3,train
2139,cr2139,3,2139,2013,7,4,train
2140,cr2140,3,2140,2013,8,4,train
2141,cr2141,3,2141,2013,8,4,train
2142,cr2142,4,2142,2013,9,5,train
2143,cr2143,2,2143,2013,10,5,train
2144,cr2144,3,2144,2013,11,6,train
2145,cr2145,3,2145,2013,12,6,train
2146,cr2146,3,2146,2014,1,1,val
2147,cr2147,3,2147,2014,2,1,val
2148,cr2148,3,2148,2014,3,2,test
2149,cr2149,3,2149,2014,4,2,test
2150,cr2150,3,2150,2014,5,3,train
2151,cr2151,3,2151,2014,5,3,train
2152,cr2152,3,2152,2014,6,3,train
2153,cr2153,3,2153,2014,7,4,train
2154,cr2154,4,2154,2014,8,4,train
2155,cr2155,3,2155,2014,9,5,train
2156,cr2156,3,2156,2014,10,5,train
2157,cr2157,3,2157,2014,11,6,train
2158,cr2158,5,2158,2014,12,6,train
2159,cr2159,4,2159,2015,1,1,val
2160,cr2160,3,2160,2015,2,1,val
2161,cr2161,6,2161,2015,2,1,val
2162,cr2162,5,2162,2015,3,2,test
2163,cr2163,5,2163,2015,4,2,test
2164,cr2164,4,2164,2015,5,3,train
2165,cr2165,3,2165,2015,6,3,train
2166,cr2166,2,2166,2015,7,4,train
2167,cr2167,3,2167,2015,8,4,train
2168,cr2168,3,2168,2015,9,5,train
2169,cr2169,3,2169,2015,10,5,train
2170,cr2170,3,2170,2015,10,5,train
2171,cr2171,3,2171,2015,11,6,train
2172,cr2172,3,2172,2015,12,6,train
2173,cr2173,3,2173,2016,1,1,val
2174,cr2174,3,2174,2016,2,1,val
2175,cr2175,3,2175,2016,3,2,test
2176,cr2176,3,2176,2016,4,2,test
2177,cr2177,3,2177,2016,5,3,train
2178,cr2178,3,2178,2016,6,3,train
2179,cr2179,3,2179,2016,7,4,train
2180,cr2180,3,2180,2016,7,4,train
2181,cr2181,3,2181,2016,8,4,train
2182,cr2182,3,2182,2016,9,5,train
2183,cr2183,3,2183,2016,10,5,train
2184,cr2184,3,2184,2016,11,6,train
2185,cr2185,3,2185,2016,12,6,train
2186,cr2186,3,2186,2017,1,1,val
2187,cr2187,3,2187,2017,2,1,val
2188,cr2188,3,2188,2017,3,2,test
2189,cr2189,3,2189,2017,4,2,test
2190,cr2190,3,2190,2017,4,2,test
2191,cr2191,3,2191,2017,5,3,train
2192,cr2192,3,2192,2017,6,3,train
2193,cr2193,3,2193,2017,7,4,train
2194,cr2194,3,2194,2017,8,4,train
2195,cr2195,3,2195,2017,9,5,train
2196,cr2196,3,2196,2017,10,5,train
2197,cr2197,3,2197,2017,11,6,train
2198,cr2198,3,2198,2017,12,6,train
2199,cr2199,3,2199,2017,12,6,train
2200,cr2200,3,2200,2018,1,1,val
2201,cr2201,3,2201,2018,2,1,val
2202,cr2202,3,2202,2018,3,2,test
2203,cr2203,3,2203,2018,4,2,test
2204,cr2204,3,2204,2018,5,3,train
2205,cr2205,3,2205,2018,6,3,train
2206,cr2206,3,2206,2018,7,4,train
2207,cr2207,3,2207,2018,8,4,train
2208,cr2208,3,2208,2018,9,5,train
2209,cr2209,3,2209,2018,9,5,train
2210,cr2210,3,2210,2018,10,5,train
2211,cr2211,3,2211,2018,11,6,train
2212,cr2212,3,2212,2018,12,6,train
2213,cr2213,3,2213,2019,1,1,val
2214,cr2214,3,2214,2019,2,1,val
2215,cr2215,3,2215,2019,3,2,test
2216,cr2216,3,2216,2019,4,2,test
2217,cr2217,3,2217,2019,5,3,train
2218,cr2218,3,2218,2019,6,3,train
2219,cr2219,3,2219,2019,6,3,train
2220,cr2220,3,2220,2019,7,4,train
2221,cr2221,3,2221,2019,8,4,train
2222,cr2222,3,2222,2019,9,5,train
2223,cr2223,3,2223,2019,10,5,train
2224,cr2224,3,2224,2019,11,6,train
2225,cr2225,3,2225,2019,12,6,train
2226,cr2226,3,2226,2020,1,1,val
2227,cr2227,3,2227,2020,2,1,val
2228,cr2228,3,2228,2020,3,2,test
2229,cr2229,3,2229,2020,3,2,test
2230,cr2230,3,2230,2020,4,2,test
2231,cr2231,3,2231,2020,5,3,train
2232,cr2232,3,2232,2020,6,3,train
2233,cr2233,3,2233,2020,7,4,train
2234,cr2234,3,2234,2020,8,4,train
2235,cr2235,3,2235,2020,9,5,train
2236,cr2236,3,2236,2020,10,5,train
2237,cr2237,3,2237,2020,11,6,train
2238,cr2238,3,2238,2020,11,6,train
2239,cr2239,3,2239,2020,12,6,train
2240,cr2240,3,2240,2021,1,1,val